{"version":"0.4","title":"About Us","type":"page","content":[{"id":"7fb376b8","settings":[],"elements":[{"id":"38a5823f","settings":{"_column_size":100,"padding":{"unit":"px","top":"30","right":"0","bottom":"0","left":"0","isLinked":false}},"elements":[{"id":"1434c4dc","settings":{"title":"Our Story","title_uppercase":"uppercase","sub_heading":"It is a long established fact that a reade.","text_align":"text-center"},"elements":[],"isInner":false,"widgetType":"thim-heading","elType":"widget"}],"isInner":false,"elType":"column"}],"isInner":false,"elType":"section"},{"id":"7ade8400","settings":{"structure":"40","margin":{"unit":"px","top":"0","right":0,"bottom":"30","left":0,"isLinked":false}},"elements":[{"id":"21813446","settings":{"_column_size":25,"_inline_size":null},"elements":[{"id":"7111d3af","settings":{"counters_label":"Foreign Followers","counters_value":55000,"style":"about-us"},"elements":[],"isInner":false,"widgetType":"thim-counters-box","elType":"widget"}],"isInner":false,"elType":"column"},{"id":"66184f3a","settings":{"_column_size":25,"_inline_size":null},"elements":[{"id":"356b455a","settings":{"counters_label":"Certified Teachers","counters_value":60,"style":"about-us"},"elements":[],"isInner":false,"widgetType":"thim-counters-box","elType":"widget"}],"isInner":false,"elType":"column"},{"id":"bc55eeb","settings":{"_column_size":25,"_inline_size":null},"elements":[{"id":"3030ea3e","settings":{"counters_label":"Students Enrolled","counters_value":2240,"style":"about-us"},"elements":[],"isInner":false,"widgetType":"thim-counters-box","elType":"widget"}],"isInner":false,"elType":"column"},{"id":"2930f698","settings":{"_column_size":25,"_inline_size":null},"elements":[{"id":"29a59018","settings":{"counters_label":"Complete Courses","counters_value":215,"style":"about-us","_css_classes":"thim-no-border"},"elements":[],"isInner":false,"widgetType":"thim-counters-box","elType":"widget"}],"isInner":false,"elType":"column"}],"isInner":false,"elType":"section"},{"id":"6697ed9e","settings":{"margin":{"unit":"px","top":"0","right":0,"bottom":"0","left":0,"isLinked":true}},"elements":[{"id":"6acf238","settings":{"_column_size":100,"_inline_size":null,"padding":{"unit":"px","top":"0","right":"0","bottom":"0","left":"0","isLinked":true}},"elements":[{"id":"5ef8de48","settings":{"image":[{"id":3060,"url":"http:\/\/thim.staging.wpengine.com\/demo-el\/wp-content\/uploads\/sites\/54\/2015\/11\/slider-3.jpg"},{"id":3059,"url":"http:\/\/thim.staging.wpengine.com\/demo-el\/wp-content\/uploads\/sites\/54\/2015\/11\/slider-2.jpg"},{"id":2904,"url":"http:\/\/thim.staging.wpengine.com\/demo-el\/wp-content\/uploads\/sites\/54\/2015\/11\/slider-1.jpg"}],"image_size":"full","item":1,"show_pagination":"yes"},"elements":[],"isInner":false,"widgetType":"thim-gallery-images","elType":"widget"}],"isInner":false,"elType":"column"}],"isInner":false,"elType":"section"},{"id":"715612a2","settings":[],"elements":[{"id":"14df0295","settings":{"_column_size":100,"padding":{"unit":"px","top":"0","right":"0","bottom":"30","left":"0","isLinked":false}},"elements":[{"id":"766f8fc8","settings":{"editor":"<div class=\"thim-about-us-quote\"><p>\u201cCras tristique turpis justo, eu consequat sem adipiscing ut. Donec posuere bibendum metus.\u201d<\/p><div class=\"agency\">Tony Nguyen, Co-Founder<\/div><hr \/><\/div>"},"elements":[],"isInner":false,"widgetType":"text-editor","elType":"widget"}],"isInner":false,"elType":"column"}],"isInner":false,"elType":"section"},{"id":"daf1f9e","settings":{"structure":"30","margin":{"unit":"px","top":"0","right":0,"bottom":"93","left":0,"isLinked":false}},"elements":[{"id":"1b7413b9","settings":{"_column_size":33,"_inline_size":48,"padding":{"unit":"px","top":"0","right":"0","bottom":"0","left":"0","isLinked":false}},"elements":[{"id":"8b936b1","settings":{"title":"WHO WE ARE","header_size":"h3","title_color":"#333333","typography_typography":"custom","typography_font_family":"Roboto Slab","typography_font_size":{"unit":"px","size":18},"typography_font_weight":"700","typography_line_height":{"unit":"em","size":2},"_padding":{"unit":"px","top":"0","right":"0","bottom":"0","left":"32","isLinked":false},"_border_border":"solid","_border_width":{"unit":"px","top":"0","right":"0","bottom":"0","left":"3","isLinked":false},"_border_color":"#ffb606"},"elements":[],"isInner":false,"widgetType":"heading","elType":"widget"},{"id":"6698ff88","settings":{"editor":"<p>Lorem ipsum dolor sit amet, consectetur adipiscing elit. Pellentesque quis eros lobortis, vestibulum turpis ac, pulvinar odio. Praesent<br \/>vulputate a elit ac mollis. In sit amet ipsum turpis. Pellentesque venenatis, libero vel euismod lobortis, mi metus luctus augue, eget dapibus elit nisi eu massa. Phasellus sollicitudin nisl posuere nibh ultricies, et fringilla dui gravida.<br \/><br \/><br \/>Donec iaculis adipiscing neque, non congue massa euismod quis. Lorem ipsum dolor sit amet, consectetur adipiscing elit.<\/p>"},"elements":[],"isInner":false,"widgetType":"text-editor","elType":"widget"}],"isInner":false,"elType":"column"},{"id":"67d89995","settings":{"_column_size":33,"_inline_size":3.995999999999999996447286321199499070644378662109375},"elements":[],"isInner":false,"elType":"column"},{"id":"1af868d5","settings":{"_column_size":33,"_inline_size":48,"padding":{"unit":"px","top":"0","right":"0","bottom":"0","left":"0","isLinked":false}},"elements":[{"id":"331e15b1","settings":{"title":"WHAT WE DO","header_size":"h3","title_color":"#333333","typography_typography":"custom","typography_font_family":"Roboto Slab","typography_font_size":{"unit":"px","size":18},"typography_font_weight":"700","typography_line_height":{"unit":"em","size":2},"_padding":{"unit":"px","top":"0","right":"0","bottom":"0","left":"32","isLinked":false},"_border_border":"solid","_border_width":{"unit":"px","top":"0","right":"0","bottom":"0","left":"3","isLinked":false},"_border_color":"#ffb606"},"elements":[],"isInner":false,"widgetType":"heading","elType":"widget"},{"id":"4227ed67","settings":{"editor":"<p>Lorem ipsum dolor sit amet, consectetur adipiscing elit. Pellentesque quis eros lobortis, vestibulum turpis ac, pulvinar odio. Praesent<br \/>vulputate a elit ac mollis. In sit amet ipsum turpis.<br \/><br \/><br \/>Pellentesque venenatis, libero vel euismod lobortis, mi metus luctus augue, eget dapibus elit nisi eu massa. Phasellus sollicitudin nisl posuere nibh ultricies, et fringilla dui gravida. Donec iaculis adipiscing neque, non congue massa euismod quis. Lorem ipsum dolor sit amet, consectetur adipiscing elit.<\/p>"},"elements":[],"isInner":false,"widgetType":"text-editor","elType":"widget"}],"isInner":false,"elType":"column"}],"isInner":false,"elType":"section"},{"id":"48db3699","settings":{"stretch_section":"section-stretched","layout":"full_width","gap":"no","height":"min-height","custom_height":{"unit":"px","size":460},"background_background":"classic","background_image":{"url":"http:\/\/thim.staging.wpengine.com\/demo-el\/wp-content\/uploads\/sites\/54\/2015\/11\/bg-parallax-about-us.jpg","id":2935},"background_position":"center center","background_attachment":"fixed","background_repeat":"no-repeat","background_size":"cover","margin":{"unit":"px","top":"0","right":0,"bottom":"30","left":0,"isLinked":false}},"elements":[{"id":"bf4e292","settings":{"_column_size":100},"elements":[],"isInner":false,"elType":"column"}],"isInner":false,"elType":"section"},{"id":"79ff5aee","settings":[],"elements":[{"id":"2c1ea5a1","settings":{"_column_size":100,"_inline_size":null,"padding":{"unit":"px","top":"0","right":"0","bottom":"0","left":"0","isLinked":false}},"elements":[{"id":"57f9cdbf","settings":{"title":"Meet Our Team","title_uppercase":"uppercase","sub_heading":"Plugins your themes with even more features.","text_align":"text-center"},"elements":[],"isInner":false,"widgetType":"thim-heading","elType":"widget"},{"id":"2a871e05","settings":{"number_post":8,"link_member":"yes","text_link":"Join Our Team","link":{"url":"#","is_external":true,"nofollow":true},"_padding":{"unit":"px","top":"30","right":"0","bottom":"0","left":"0","isLinked":false}},"elements":[],"isInner":false,"widgetType":"thim-our-team","elType":"widget"}],"isInner":false,"elType":"column"}],"isInner":false,"elType":"section"}]}