{"version":"0.4","title":"Become a Teacher","type":"page","content":[{"id":"144ce81f","settings":{"gap":"no","padding":{"unit":"px","top":"30","right":"0","bottom":"30","left":"0","isLinked":false}},"elements":[{"id":"7de36ff6","settings":{"_column_size":100},"elements":[{"id":"f6d1d7e","settings":{"title":"Apply As Instructor","title_uppercase":"uppercase","sub_heading":"Lorem ipsum dolor sit amet, consectetur","text_align":"text-center"},"elements":[],"isInner":false,"widgetType":"thim-heading","elType":"widget"}],"isInner":false,"elType":"column"}],"isInner":false,"elType":"section"},{"id":"773d5866","settings":{"content_width":{"unit":"px","size":770},"gap":"no","padding":{"unit":"px","top":"0","right":"0","bottom":"30","left":"0","isLinked":false}},"elements":[{"id":"1ebebe53","settings":{"_column_size":100},"elements":[{"id":"212cdb5d","settings":{"editor":"<p style=\"text-align: center;\">Lid est laborum dolo rumes fugats untras. Etharums ser quidem rerum facilis dolores nemis omnis fugats vitaes nemo minima rerums unsers sadips amets. Sed ut perspiciatis unde omnis iste natus error sit voluptatem accusantium doloremque laudantium, totam rem aperiam.<\/p>","align":"center"},"elements":[],"isInner":false,"widgetType":"text-editor","elType":"widget"}],"isInner":false,"elType":"column"}],"isInner":false,"elType":"section"},{"id":"77b6e12f","settings":{"gap":"no"},"elements":[{"id":"613d3502","settings":{"_column_size":100},"elements":[{"id":"1cae0163","settings":{"image":{"url":"http:\/\/thim.staging.wpengine.com\/demo-el\/wp-content\/uploads\/sites\/54\/2015\/11\/become-teacher.jpg","id":2892},"image_size":"full"},"elements":[],"isInner":false,"widgetType":"image","elType":"widget"}],"isInner":false,"elType":"column"}],"isInner":false,"elType":"section"},{"id":"2afa000b","settings":{"gap":"no","margin":{"unit":"px","top":"30","right":0,"bottom":"30","left":0,"isLinked":true}},"elements":[{"id":"50ee7407","settings":{"_column_size":100},"elements":[{"id":"103902d3","settings":{"title":"How to become a teacher","title_uppercase":"uppercase","sub_heading":"Lorem ipsum dolor sit amet, consectetur","text_align":"text-center"},"elements":[],"isInner":false,"widgetType":"thim-heading","elType":"widget"}],"isInner":false,"elType":"column"}],"isInner":false,"elType":"section"},{"id":"378a7b15","settings":{"gap":"extended","structure":"20"},"elements":[{"id":"23ea7448","settings":{"_column_size":50,"_inline_size":40,"padding":{"unit":"px","top":"0","right":"15","bottom":"0","left":"0","isLinked":false}},"elements":[{"id":"5007e6e9","settings":{"shortcode":"[learn_press_become_teacher_form]"},"elements":[],"isInner":false,"widgetType":"shortcode","elType":"widget"}],"isInner":false,"elType":"column"},{"id":"18f8673e","settings":{"_column_size":50,"_inline_size":60,"padding":{"unit":"px","top":"0","right":"0","bottom":"0","left":"15","isLinked":false}},"elements":[{"id":"ac4c235","settings":{"tab":[{"title":"<i class=\"fa fa-user-plus\"><\/i><span>Become an Intructor<\/span>","bg_title":"","content":"It is a long established fact that a reader will be distracted by the readable content of a page when looking at its layout. The point of using Lorem Ipsum is that it has a more-or-less normal distribution of letters, as opposed to using 'Content here, content here', making it look like readable English.\n<br><br>\nMany desktop publishing packages and web page editors now use Lorem Ipsum as their default model text, and a search for 'lorem ipsum' will uncover many web sites still in their infancy.","link":{"url":"","is_external":true,"nofollow":true},"_id":"1feec2f"},{"title":"<i class=\"fa fa-list-ol\"><\/i><span>Intructor Rules<\/span>","bg_title":"","content":"Various versions have evolved over the years, sometimes by accident, sometimes on purpose (injected humour and the like).\n<br><br>\nMany desktop publishing packages and web page editors now use Lorem Ipsum as their default model text, and a search for \u2018lorem ipsum\u2019 will uncover many web sites still in their infancy. Various versions have evolved over the years, sometimes by accident, sometimes on purpose (injected humour and the like).\n\nMany desktop publishing packages and web page editors now use Lorem Ipsum.","link":{"url":"","is_external":true,"nofollow":true},"_id":"61a318f"},{"title":"<i class=\"fa fa-book\"><\/i><span>Start with courses<\/span>","bg_title":"","content":"There are many variations of passages of Lorem Ipsum available, but the majority have suffered alteration in some form, by injected humour, or randomised words which don't look even slightly believable. If you are going to use a passage of Lorem Ipsum, you need to be sure there isn't anything embarrassing hidden in the middle of text.\n<br><br>\nAll the Lorem Ipsum generators on the Internet tend to repeat predefined chunks as necessary, making this the first true generator on the Internet.","link":{"url":"","is_external":true,"nofollow":true},"_id":"1bec42c"}],"_css_classes":"thim-widget-tab"},"elements":[],"isInner":false,"widgetType":"thim-tab","elType":"widget"}],"isInner":false,"elType":"column"}],"isInner":false,"elType":"section"}]}