{"version":"0.4","title":"Contact Page","type":"page","content":[{"id":"3fc2ac54","settings":{"structure":"30","gap":"no","padding":{"unit":"px","top":"0","right":"0","bottom":"80","left":"0","isLinked":false}},"elements":[{"id":"20777494","settings":{"_column_size":33,"_inline_size":48},"elements":[{"id":"3a8309c9","settings":{"title":"Contact Info","title_uppercase":"uppercase","sub_heading":"Welcome to our Website. We are glad to have you around.","_padding":{"unit":"px","top":"0","right":"0","bottom":"10","left":"0","isLinked":false}},"elements":[],"isInner":false,"widgetType":"thim-heading","elType":"widget"},{"id":"124bf92f","settings":{"structure":"20","border_border":"solid","border_width":{"unit":"px","top":"1","right":"0","bottom":"0","left":"0","isLinked":false},"border_color":"#eeeeee","padding":{"unit":"px","top":"0","right":"0","bottom":"30","left":"0","isLinked":false}},"elements":[{"id":"54870b58","settings":{"_column_size":50,"_inline_size":null,"padding":{"unit":"px","top":"0","right":"0","bottom":"0","left":"0","isLinked":false}},"elements":[{"id":"7b949e12","settings":{"title":"Phone","content":"+7 (800) 123 45 69","read_text":"Read More","icon":"fa fa-phone","icon_size":24,"box_icon_style":"","pos":"left","icon_color":"#ffb606","custom_font_size_des":15,"style_box":"contact_info","width_icon_box":{"unit":"px","size":30},"height_icon_box":{"unit":"px","size":30},"_css_classes":"thim-widget-icon-box","_background_background":"classic"},"elements":[],"isInner":false,"widgetType":"thim-icon-box","elType":"widget"}],"isInner":true,"elType":"column"},{"id":"150d7a4f","settings":{"_column_size":50,"_inline_size":null,"padding":{"unit":"px","top":"0","right":"0","bottom":"0","left":"0","isLinked":false}},"elements":[{"id":"517d1ae5","settings":{"title":"Phone","content":"+7 (800) 123 45 69","read_text":"Read More","icon":"fa fa-envelope","icon_size":24,"box_icon_style":"","pos":"left","icon_color":"#ffb606","custom_font_size_des":15,"style_box":"contact_info","width_icon_box":{"unit":"px","size":30},"height_icon_box":{"unit":"px","size":30},"_css_classes":"thim-widget-icon-box","_background_background":"classic"},"elements":[],"isInner":false,"widgetType":"thim-icon-box","elType":"widget"}],"isInner":true,"elType":"column"}],"isInner":true,"elType":"section"},{"id":"447a702f","settings":{"title":"Address","content":"PO Box 97845 Baker st. 567, Los Angeles, California, US.","custom_font_size_des":15,"read_text":"Read More","icon":"fa fa-map-marker","icon_size":24,"box_icon_style":"","pos":"left","style_box":"contact_info","icon_color":"#ffb606","width_icon_box":{"unit":"px","size":30},"height_icon_box":{"unit":"px","size":30},"_margin":{"unit":"px","top":"0","right":"0","bottom":"0","left":"0","isLinked":true},"_padding":{"unit":"px","top":"0","right":"0","bottom":"10","left":"0","isLinked":false},"_css_classes":"thim-widget-icon-box","_border_border":"solid","_border_width":{"unit":"px","top":"1","right":"0","bottom":"0","left":"0","isLinked":false},"_border_color":"#eeeeee"},"elements":[],"isInner":false,"widgetType":"thim-icon-box","elType":"widget"},{"id":"5264e9ba","settings":{"social_icon_list":[{"social":"fa fa-facebook","_id":"5ba0f62","link":{"url":"","is_external":"true","nofollow":""},"social_icon":{"value":"fab fa-wordpress","library":"fa-brands"},"item_icon_color":"default","item_icon_primary_color":"","item_icon_secondary_color":""},{"social":"fa fa-twitter","_id":"2f72e82","link":{"url":"","is_external":"true","nofollow":""},"social_icon":{"value":"fab fa-wordpress","library":"fa-brands"},"item_icon_color":"default","item_icon_primary_color":"","item_icon_secondary_color":""},{"social":"fa fa-google-plus","_id":"8d15b7f","link":{"url":"","is_external":"true","nofollow":""},"social_icon":{"value":"fab fa-wordpress","library":"fa-brands"},"item_icon_color":"default","item_icon_primary_color":"","item_icon_secondary_color":""},{"social":"fa fa-pinterest","link":{"url":"","is_external":"true","nofollow":""},"_id":"f148bda","social_icon":{"value":"fab fa-wordpress","library":"fa-brands"},"item_icon_color":"default","item_icon_primary_color":"","item_icon_secondary_color":""}],"shape":"circle","align":"left","icon_color":"custom","icon_primary_color":"#ffffff","icon_secondary_color":"#999999","icon_size":{"unit":"px","size":17},"icon_padding":{"unit":"em","size":0.40000000000000002220446049250313080847263336181640625},"icon_spacing":{"unit":"px","size":11},"image_border_border":"solid","image_border_width":{"unit":"px","top":"1","right":"1","bottom":"1","left":"1","isLinked":true},"image_border_color":"#999999","_margin":{"unit":"px","top":"0","right":"0","bottom":"0","left":"0","isLinked":true},"_padding":{"unit":"px","top":"27","right":"0","bottom":"0","left":"40","isLinked":false},"_border_border":"solid","_border_width":{"unit":"px","top":"1","right":"0","bottom":"0","left":"0","isLinked":false},"_border_color":"#eeeeee"},"elements":[],"isInner":false,"widgetType":"social-icons","elType":"widget"}],"isInner":false,"elType":"column"},{"id":"62382e82","settings":{"_column_size":33,"_inline_size":3.33199999999999985078602549037896096706390380859375},"elements":[],"isInner":false,"elType":"column"},{"id":"5615db04","settings":{"_column_size":33,"_inline_size":48},"elements":[{"id":"1e5785fd","settings":{"title":"Send a message","title_uppercase":"uppercase","sub_heading":"Your email address will not be published. Required fields are marked."},"elements":[],"isInner":false,"widgetType":"thim-heading","elType":"widget"},{"id":"5d0897a1","settings":{"shortcode":"[contact-form-7 id=\"4\" title=\"Contact form 1\"]"},"elements":[],"isInner":false,"widgetType":"shortcode","elType":"widget"}],"isInner":false,"elType":"column"}],"isInner":false,"elType":"section"},{"id":"e295ce1","settings":{"stretch_section":"section-stretched","gap":"no","content_position":"middle","background_background":"classic","background_image":{"url":"http:\/\/thim.staging.wpengine.com\/demo-el\/wp-content\/uploads\/sites\/54\/2015\/10\/bg_register_now.jpg","id":5841},"background_position":"center center","background_attachment":"fixed","background_repeat":"no-repeat","background_size":"cover","background_overlay_background":"classic","background_overlay_color":"rgba(0,0,0,0.6)","background_overlay_opacity":{"unit":"px","size":1},"padding":{"unit":"px","top":"0","right":"0","bottom":"100","left":"0","isLinked":false}},"elements":[{"id":"2d1f15ac","settings":{"_column_size":100},"elements":[{"id":"96fa558","settings":{"title":"Subscribe to our news","title_uppercase":"uppercase","text_align":"text-center","textcolor":"#ffffff","bg_line":"#ffffff","_padding":{"unit":"px","top":"30","right":"0","bottom":"10","left":"0","isLinked":false}},"elements":[],"isInner":false,"widgetType":"thim-heading","elType":"widget"},{"id":"eb64c1f","settings":{"shortcode":"[mc4wp_form id=\"3101\"]","_css_classes":"text-center"},"elements":[],"isInner":false,"widgetType":"shortcode","elType":"widget"}],"isInner":false,"elType":"column"}],"isInner":false,"elType":"section"},{"id":"433606dd","settings":{"gap":"no","margin":{"unit":"px","top":"30","right":0,"bottom":"30","left":0,"isLinked":true}},"elements":[{"id":"53c3ccb1","settings":{"_column_size":100},"elements":[{"id":"33acb513","settings":{"title":"Location on map","title_uppercase":"uppercase"},"elements":[],"isInner":false,"widgetType":"thim-heading","elType":"widget"}],"isInner":false,"elType":"column"}],"isInner":false,"elType":"section"},{"id":"19bfa69a","settings":{"stretch_section":"section-stretched","layout":"full_width","gap":"no"},"elements":[{"id":"36714ddf","settings":{"_column_size":100},"elements":[{"id":"36295930","settings":{"address":"London Eye, London, United Kingdom","height":{"unit":"px","size":450,"sizes":[]}},"elements":[],"isInner":false,"widgetType":"google_maps","elType":"widget"}],"isInner":false,"elType":"column"}],"isInner":false,"elType":"section"}]}