{"version":"0.4","title":"Bottom Footer","type":"page","content":[{"id":"496a1bad","settings":{"stretch_section":"section-stretched","gap":"no","background_background":"classic","background_image":{"url":"http:\/\/thim.staging.wpengine.com\/demo-el\/wp-content\/uploads\/sites\/54\/2015\/12\/bg-footer.jpg","id":3102},"background_position":"center center","background_repeat":"no-repeat","background_size":"cover","background_overlay_background":"classic","background_overlay_color":"rgba(255,182,6,0.5)","background_overlay_opacity":{"unit":"px","size":1},"margin":{"unit":"px","top":"","right":0,"bottom":"","left":0,"isLinked":true},"padding":{"unit":"px","top":"0","right":"0","bottom":"140","left":"0","isLinked":false}},"elements":[{"id":"1fe9af90","settings":{"_column_size":100},"elements":[{"id":"71276508","settings":{"title":"Become an instructor?","title_uppercase":"uppercase","sub_heading":"Join thousand of instructors and earn money hassle free!","text_align":"text-center","textcolor":"#333333","sub_heading_color":"#333333","font_heading":"custom","custom_font_size":36,"_padding":{"unit":"px","top":"0","right":"0","bottom":"10","left":"0","isLinked":false}},"elements":[],"isInner":false,"widgetType":"thim-heading","elType":"widget"},{"id":"3d8502a5","settings":{"text":"Get started now","align":"center","typography_typography":"custom","typography_font_size":{"unit":"px","size":13},"typography_font_weight":"700","typography_text_transform":"uppercase","typography_line_height":{"unit":"em","size":2.899999999999999911182158029987476766109466552734375},"button_text_color":"#333333","background_color":"rgba(0,0,0,0)","hover_color":"#ffffff","button_background_hover_color":"#111111","border_border":"solid","border_width":{"unit":"px","top":"1","right":"1","bottom":"1","left":"1","isLinked":true},"border_color":"#111111","border_radius":{"unit":"px","top":"0","right":"0","bottom":"0","left":"0","isLinked":false},"text_padding":{"unit":"px","top":"5","right":"25","bottom":"5","left":"25","isLinked":false}},"elements":[],"isInner":false,"widgetType":"button","elType":"widget"}],"isInner":false,"elType":"column"}],"isInner":false,"elType":"section"}]}